ASSUNTO;CNPJ_CPF;NOME;RECEBIDO;CRIADO;ATUALIZADO;STATUS;LEITURA
[DCTF] Original Recepcionada;01586380000150;CRD - CENTRO DE RECURSOS DIAGNOSTICOS LTDA - MTZ;Recebido: 13/01/2025;Criado: 14/01/2025;Criado: 14/01/2025;SUCESSO;15/01/2025 18:31:34
[DCTF] Original Recepcionada;07.570.962/0001-25;EMBALAGENS ALLBOX LTDA;Recebido: 13/01/2025;Criado: 14/01/2025;Criado: 14/01/2025;SUCESSO;15/01/2025 18:31:34
[DCTF] Original Recepcionada;04.688.977/0001-02;IPOG - INSTITUTO DE POS-GRADUACAO & GRADUACAO LTDA;Recebido: 13/01/2025;Criado: 14/01/2025;Criado: 14/01/2025;SUCESSO;15/01/2025 18:31:35
[DCTF] Original Recepcionada;29.941.510/0001-45;Q5S ENGENHARIA INDUSTRIAL LTDA;Recebido: 13/01/2025;Criado: 15/01/2025;Criado: 15/01/2025;SUCESSO;15/01/2025 18:31:35
[DCTF] Original Recepcionada;12497360000120;CDM CENTRO DE DIAGNOSTICO MEDICO LTDA;Recebido: 13/01/2025;Criado: 15/01/2025;Criado: 15/01/2025;SUCESSO;15/01/2025 18:31:35
[DCTF] Original Recepcionada;04.134.374/0001-50;GRAFICA E EDITORA FABERPRINT LIMITADA;Recebido: 13/01/2025;Criado: 15/01/2025;Criado: 15/01/2025;SUCESSO;15/01/2025 18:31:35
[DCTF] Original Recepcionada;10406295000154;VIARURAL COMERCIO DE PRODUTOS AGROPECUARIOS LTDA;Recebido: 16/12/2024;Criado: 14/01/2025;Criado: 14/01/2025;SUCESSO;15/01/2025 18:31:35
[DCTF] Original Recepcionada;10.406.295/0003-16;VIARURAL COMERCIO DE PRODUTOS AGROPECUARIOS LTDA - BA;Recebido: 16/12/2024;Criado: 14/01/2025;Criado: 14/01/2025;SUCESSO;15/01/2025 18:31:35
[DCTF] Original Recepcionada;10.406.295/0004-05;VIARURAL COMERCIO DE PRODUTOS AGROPECUARIOS LTDA - GO;Recebido: 16/12/2024;Criado: 15/01/2025;Criado: 15/01/2025;SUCESSO;15/01/2025 18:31:35
[DCTF] Original Recepcionada;10.406.295/0002-35;VIARURAL COMERCIO DE PRODUTOS AGROPECUARIOS LTDA - MG;Recebido: 16/12/2024;Criado: 15/01/2025;Criado: 15/01/2025;SUCESSO;15/01/2025 18:31:35
