ASSUNTO;CNPJ_CPF;NOME;RECEBIDO;CRIADO;ATUALIZADO;STATUS;LEITURA
[DCTF] Original Recepcionada;02104503000132;GOVIDROS COMERCIAL GOIANIA DE VIDROS LTDA;Recebido: 18/12/2024;Criado: 18/12/2024;Criado: 18/12/2024;SUCESSO;19/12/2024 18:31:38
[DCTF] Original Recepcionada;05.244.260/0001-26;RCO EMPREENDIMENTOS IMOBILIARIOS E PARTICIPACOES LTDA;Recebido: 18/12/2024;Criado: 19/12/2024;Criado: 19/12/2024;SUCESSO;19/12/2024 18:31:39
[DCTF] Original Recepcionada;05.244.260/0001-26;RCO EMPREENDIMENTOS IMOBILIARIOS E PARTICIPACOES LTDA;Recebido: 18/12/2024;Criado: 19/12/2024;Criado: 19/12/2024;SUCESSO;19/12/2024 18:31:39
[DCTF] Original Recepcionada;30.500.345/0001-75;HZP PARTICIPACOES LTDA;Recebido: 18/12/2024;Criado: 19/12/2024;Criado: 19/12/2024;SUCESSO;19/12/2024 18:31:39
[DCTF] Original Recepcionada;42.236.408/0001-07;TRANSFORMA CONSULTORIA LTDA;Recebido: 18/12/2024;Criado: 19/12/2024;Criado: 19/12/2024;SUCESSO;19/12/2024 18:31:39
[DCTF] Original Recepcionada;42.236.408/0001-07;TRANSFORMA CONSULTORIA LTDA;Recebido: 18/12/2024;Criado: 19/12/2024;Criado: 19/12/2024;SUCESSO;19/12/2024 18:31:39
[DCTF] Original Recepcionada;43.171.163/0001-40;MDZ BOA ESPERANCA PARTICIPACOES LTDA;Recebido: 18/12/2024;Criado: 19/12/2024;Criado: 19/12/2024;SUCESSO;19/12/2024 18:31:39
[DCTF] Original Recepcionada;44.151.204/0001-07;RIBEIRO HOLDINGS LTDA;Recebido: 18/12/2024;Criado: 19/12/2024;Criado: 19/12/2024;SUCESSO;19/12/2024 18:31:39
[DCTF] Original Recepcionada;44.151.204/0001-07;RIBEIRO HOLDINGS LTDA;Recebido: 18/12/2024;Criado: 19/12/2024;Criado: 19/12/2024;SUCESSO;19/12/2024 18:31:39
[DCTF] Original Recepcionada;29.422.794/0001-63;HIPERPNEUS RENOVADORA DE PNEUS DE MARABA LTDA.;Recebido: 18/12/2024;Criado: 19/12/2024;Criado: 19/12/2024;SUCESSO;19/12/2024 18:31:39
[DCTF] Original Recepcionada;02104503000132;GOVIDROS COMERCIAL GOIANIA DE VIDROS LTDA;Recebido: 18/12/2024;Criado: 18/12/2024;Criado: 18/12/2024;SUCESSO;19/12/2024 18:31:50
[DCTF] Original Recepcionada;05.244.260/0001-26;RCO EMPREENDIMENTOS IMOBILIARIOS E PARTICIPACOES LTDA;Recebido: 18/12/2024;Criado: 19/12/2024;Criado: 19/12/2024;SUCESSO;19/12/2024 18:31:50
[DCTF] Original Recepcionada;05.244.260/0001-26;RCO EMPREENDIMENTOS IMOBILIARIOS E PARTICIPACOES LTDA;Recebido: 18/12/2024;Criado: 19/12/2024;Criado: 19/12/2024;SUCESSO;19/12/2024 18:31:50
[DCTF] Original Recepcionada;30.500.345/0001-75;HZP PARTICIPACOES LTDA;Recebido: 18/12/2024;Criado: 19/12/2024;Criado: 19/12/2024;SUCESSO;19/12/2024 18:31:50
[DCTF] Original Recepcionada;42.236.408/0001-07;TRANSFORMA CONSULTORIA LTDA;Recebido: 18/12/2024;Criado: 19/12/2024;Criado: 19/12/2024;SUCESSO;19/12/2024 18:31:51
[DCTF] Original Recepcionada;42.236.408/0001-07;TRANSFORMA CONSULTORIA LTDA;Recebido: 18/12/2024;Criado: 19/12/2024;Criado: 19/12/2024;SUCESSO;19/12/2024 18:31:51
[DCTF] Original Recepcionada;43.171.163/0001-40;MDZ BOA ESPERANCA PARTICIPACOES LTDA;Recebido: 18/12/2024;Criado: 19/12/2024;Criado: 19/12/2024;SUCESSO;19/12/2024 18:31:51
[DCTF] Original Recepcionada;44.151.204/0001-07;RIBEIRO HOLDINGS LTDA;Recebido: 18/12/2024;Criado: 19/12/2024;Criado: 19/12/2024;SUCESSO;19/12/2024 18:31:51
[DCTF] Original Recepcionada;44.151.204/0001-07;RIBEIRO HOLDINGS LTDA;Recebido: 18/12/2024;Criado: 19/12/2024;Criado: 19/12/2024;SUCESSO;19/12/2024 18:31:51
[DCTF] Original Recepcionada;29.422.794/0001-63;HIPERPNEUS RENOVADORA DE PNEUS DE MARABA LTDA.;Recebido: 18/12/2024;Criado: 19/12/2024;Criado: 19/12/2024;SUCESSO;19/12/2024 18:31:51
