ASSUNTO;CNPJ_CPF;NOME;RECEBIDO;CRIADO;ATUALIZADO;STATUS;LEITURA
[DCTF] Original Recepcionada;09.277.089/0005-36;ENERGY SYSTEN SERVICOS ESPECIALIZADOS LTDA;Recebido: 04/02/2025;Criado: 05/02/2025;Criado: 05/02/2025;SUCESSO;06/02/2025 18:31:08
[DCTF] Original Recepcionada;09.277.089/0001-02;ENERGY SYSTEN SERVICOS ESPECIALIZADOS EIRELI;Recebido: 04/02/2025;Criado: 05/02/2025;Criado: 05/02/2025;SUCESSO;06/02/2025 18:31:08
[DCTF] Retificadora Recepcionada;49.005.007/0001-95;DIAS FERNANDES ADMINISTRACAO LTDA;Recebido: 04/02/2025;Criado: 06/02/2025;Criado: 06/02/2025;SUCESSO;06/02/2025 18:31:08
[DCTF] Retificadora Recepcionada;49.005.007/0001-95;DIAS FERNANDES ADMINISTRACAO LTDA;Recebido: 04/02/2025;Criado: 06/02/2025;Criado: 06/02/2025;SUCESSO;06/02/2025 18:31:08
[DCTF] Original Recepcionada;42.977.356/0001-20;EDITORA, LIVRARIA E GRAFICA IPOG LTDA - EDITORA 2;Recebido: 03/02/2025;Criado: 04/02/2025;Criado: 04/02/2025;SUCESSO;06/02/2025 18:31:08
[DCTF] Original Recepcionada;15.534.816/0001-72;IPOG EDITORA E LIVRARIA LTDA - EDITORA 1;Recebido: 03/02/2025;Criado: 04/02/2025;Criado: 04/02/2025;SUCESSO;06/02/2025 18:31:08
[DCTF] Retificadora Recepcionada;33587453000115;FLAVIOS CALCADOS ADMINISTRADORA DE CARTAO LTDA;Recebido: 31/01/2025;Criado: 03/02/2025;Criado: 03/02/2025;SUCESSO;06/02/2025 18:31:08
[DCTF] Retificadora Recepcionada;33587453000115;FLAVIOS CALCADOS ADMINISTRADORA DE CARTAO LTDA;Recebido: 29/01/2025;Criado: 31/01/2025;Criado: 31/01/2025;SUCESSO;06/02/2025 18:31:08
[DCTF] Original Recepcionada;02.474.948/0017-71;IPE VEICULOS LIMITADA;Recebido: 15/01/2025;Criado: 04/02/2025;Criado: 04/02/2025;SUCESSO;06/02/2025 18:31:08
[DCTF] Original Recepcionada;02.474.948/0017-71;IPE VEICULOS LIMITADA;Recebido: 19/12/2024;Criado: 04/02/2025;Criado: 04/02/2025;SUCESSO;06/02/2025 18:31:08
