ASSUNTO;CNPJ_CPF;NOME;RECEBIDO;CRIADO;ATUALIZADO;STATUS;LEITURA
[DCTF] Original Recepcionada;07.570.962/0001-25;EMBALAGENS ALLBOX LTDA;Recebido: 10/02/2025;Criado: 11/02/2025;Criado: 11/02/2025;SUCESSO;12/02/2025 18:31:47
[DCTF] Original Recepcionada;07.295.196/0001-38;INVOLV LABELS LTDA.;Recebido: 10/02/2025;Criado: 11/02/2025;Criado: 11/02/2025;SUCESSO;12/02/2025 18:31:47
[DCTF] Original Recepcionada;26136377000166;CDM - CENTRO DE DIAGNOSTICOS MORRINHOS LTDA;Recebido: 10/02/2025;Criado: 11/02/2025;Criado: 11/02/2025;SUCESSO;12/02/2025 18:31:47
[DCTF] Original Recepcionada;29.941.510/0001-45;Q5S ENGENHARIA INDUSTRIAL LTDA;Recebido: 10/02/2025;Criado: 11/02/2025;Criado: 11/02/2025;SUCESSO;12/02/2025 18:31:47
[DCTF] Original Recepcionada;47073147000175;CRD PARTICIPACOES E INVESTIMENTOS EM SAUDE LTDA;Recebido: 10/02/2025;Criado: 11/02/2025;Criado: 11/02/2025;SUCESSO;12/02/2025 18:31:47
[DCTF] Original Recepcionada;35194132000186;CENTRO CLINICO HOSPITAL DE ACIDENTADOS LTDA;Recebido: 10/02/2025;Criado: 11/02/2025;Criado: 11/02/2025;SUCESSO;12/02/2025 18:31:47
[DCTF] Original Recepcionada;04.134.374/0001-50;GRAFICA E EDITORA FABERPRINT LIMITADA;Recebido: 10/02/2025;Criado: 11/02/2025;Criado: 11/02/2025;SUCESSO;12/02/2025 18:31:47
[DCTF] Original Recepcionada;37.345.147/0001-23;DIAGNOSE CENTRO DE DIAGNOSTICO EM MEDICINA LTDA;Recebido: 10/02/2025;Criado: 11/02/2025;Criado: 11/02/2025;SUCESSO;12/02/2025 18:31:47
[DCTF] Original Recepcionada;38477163000132;CRD ODONTOLOGIA LTDA;Recebido: 10/02/2025;Criado: 12/02/2025;Criado: 12/02/2025;SUCESSO;12/02/2025 18:31:47
[DCTF] Original Recepcionada;23.129.279/0001-03;ORBIS GESTAO DE TECNOLOGIA EM SAUDE LTDA - MTZ;Recebido: 17/01/2025;Criado: 07/02/2025;Criado: 07/02/2025;SUCESSO;12/02/2025 18:31:47
