ASSUNTO;CNPJ_CPF;NOME;RECEBIDO;CRIADO;ATUALIZADO;STATUS;LEITURA
[DCTF] Original Recepcionada;02.138.006/0033-32;FLAVIOS CALCADOS E ESPORTES LTDA;Recebido: 17/02/2025;Criado: 19/02/2025;Criado: 19/02/2025;SUCESSO;20/02/2025 08:27:01
[DCTF] Original Recepcionada;02.138.006/0023-60;FLAVIOS CALCADOS E ESPORTES LTDA;Recebido: 17/02/2025;Criado: 20/02/2025;Criado: 20/02/2025;SUCESSO;20/02/2025 08:27:01
[DCTF] Original Recepcionada;02.138.006/0024-41;FLAVIOS CALCADOS E ESPORTES LTDA;Recebido: 17/02/2025;Criado: 20/02/2025;Criado: 20/02/2025;SUCESSO;20/02/2025 08:27:01
[DCTF] Original Recepcionada;05.888.682/0001-34;A M CONSULTORIA E REPRESENTACOES LTDA;Recebido: 18/12/2024;Criado: 21/12/2024;Criado: 21/12/2024;SUCESSO;20/02/2025 17:52:23
[DCTF] Original Recepcionada;27.229.900/0001-61;MITTEL SA;Recebido: 16/12/2024;Criado: 17/12/2024;Criado: 17/12/2024;SUCESSO;20/02/2025 17:52:23
[DCTF] Original Recepcionada;27.229.900/0001-61;MITTEL SA;Recebido: 16/12/2024;Criado: 17/12/2024;Criado: 17/12/2024;SUCESSO;20/02/2025 17:52:24
[DCTF] Original Recepcionada;27.229.900/0001-61;MITTEL SA;Recebido: 16/12/2024;Criado: 17/12/2024;Criado: 17/12/2024;SUCESSO;20/02/2025 17:52:24
[DCTF] Original Recepcionada;27.229.900/0001-61;MITTEL SA;Recebido: 16/12/2024;Criado: 17/12/2024;Criado: 17/12/2024;SUCESSO;20/02/2025 17:52:24
[DCTF] Original Recepcionada;10406295000154;VIARURAL COMERCIO DE PRODUTOS AGROPECUARIOS LTDA;Recebido: 16/12/2024;Criado: 14/01/2025;Criado: 14/01/2025;SUCESSO;20/02/2025 17:52:24
[DCTF] Original Recepcionada;10.406.295/0003-16;VIARURAL COMERCIO DE PRODUTOS AGROPECUARIOS LTDA - BA;Recebido: 16/12/2024;Criado: 14/01/2025;Criado: 14/01/2025;SUCESSO;20/02/2025 17:52:24
[DCTF] Original Recepcionada;10.406.295/0004-05;VIARURAL COMERCIO DE PRODUTOS AGROPECUARIOS LTDA - GO;Recebido: 16/12/2024;Criado: 15/01/2025;Criado: 15/01/2025;SUCESSO;20/02/2025 17:52:24
[DCTF] Original Recepcionada;10.406.295/0002-35;VIARURAL COMERCIO DE PRODUTOS AGROPECUARIOS LTDA - MG;Recebido: 16/12/2024;Criado: 15/01/2025;Criado: 15/01/2025;SUCESSO;20/02/2025 17:52:24
[DCTF] Original Recepcionada;10.406.295/0006-69;VIARURAL COMERCIO DE PRODUTOS AGROPECUARIOS LTDA - SP;Recebido: 16/12/2024;Criado: 15/01/2025;Criado: 15/01/2025;SUCESSO;20/02/2025 17:52:24
[DCTF] Original Recepcionada;05.888.682/0001-34;A M CONSULTORIA E REPRESENTACOES LTDA;Recebido: 18/12/2024;Criado: 21/12/2024;Criado: 21/12/2024;SUCESSO;20/02/2025 18:31:34
[DCTF] Original Recepcionada;27.229.900/0001-61;MITTEL SA;Recebido: 16/12/2024;Criado: 17/12/2024;Criado: 17/12/2024;SUCESSO;20/02/2025 18:31:34
[DCTF] Original Recepcionada;27.229.900/0001-61;MITTEL SA;Recebido: 16/12/2024;Criado: 17/12/2024;Criado: 17/12/2024;SUCESSO;20/02/2025 18:31:34
[DCTF] Original Recepcionada;27.229.900/0001-61;MITTEL SA;Recebido: 16/12/2024;Criado: 17/12/2024;Criado: 17/12/2024;SUCESSO;20/02/2025 18:31:34
[DCTF] Original Recepcionada;27.229.900/0001-61;MITTEL SA;Recebido: 16/12/2024;Criado: 17/12/2024;Criado: 17/12/2024;SUCESSO;20/02/2025 18:31:35
[DCTF] Original Recepcionada;10406295000154;VIARURAL COMERCIO DE PRODUTOS AGROPECUARIOS LTDA;Recebido: 16/12/2024;Criado: 14/01/2025;Criado: 14/01/2025;SUCESSO;20/02/2025 18:31:35
[DCTF] Original Recepcionada;10.406.295/0003-16;VIARURAL COMERCIO DE PRODUTOS AGROPECUARIOS LTDA - BA;Recebido: 16/12/2024;Criado: 14/01/2025;Criado: 14/01/2025;SUCESSO;20/02/2025 18:31:35
[DCTF] Original Recepcionada;10.406.295/0004-05;VIARURAL COMERCIO DE PRODUTOS AGROPECUARIOS LTDA - GO;Recebido: 16/12/2024;Criado: 15/01/2025;Criado: 15/01/2025;SUCESSO;20/02/2025 18:31:35
[DCTF] Original Recepcionada;10.406.295/0002-35;VIARURAL COMERCIO DE PRODUTOS AGROPECUARIOS LTDA - MG;Recebido: 16/12/2024;Criado: 15/01/2025;Criado: 15/01/2025;SUCESSO;20/02/2025 18:31:35
[DCTF] Original Recepcionada;10.406.295/0006-69;VIARURAL COMERCIO DE PRODUTOS AGROPECUARIOS LTDA - SP;Recebido: 16/12/2024;Criado: 15/01/2025;Criado: 15/01/2025;SUCESSO;20/02/2025 18:31:35
