ASSUNTO;CNPJ_CPF;NOME;RECEBIDO;CRIADO;ATUALIZADO;STATUS;LEITURA
[DCTF] Original Recepcionada;05.207.076/0006-10;LINEA ALIMENTOS INDUSTRIA E COMERCIO S/A;Recebido: 19/12/2024;Criado: 20/12/2024;Criado: 20/12/2024;SUCESSO;20/12/2024 18:32:10
[DCTF] Original Recepcionada;02.474.948/0015-00;IPE VEICULOS LIMITADA - INDEPENDENCIA;Recebido: 19/12/2024;Criado: 20/12/2024;Criado: 20/12/2024;SUCESSO;20/12/2024 18:32:10
[DCTF] Original Recepcionada;46.244.609/0001-07;ERICK REIS BARROS LTDA;Recebido: 18/12/2024;Criado: 20/12/2024;Criado: 20/12/2024;SUCESSO;20/12/2024 18:32:10
[DCTF] Original Recepcionada;46.244.609/0001-07;ERICK REIS BARROS LTDA;Recebido: 18/12/2024;Criado: 20/12/2024;Criado: 20/12/2024;SUCESSO;20/12/2024 18:32:10
[DCTF] Original Recepcionada;05.207.076/0006-10;LINEA ALIMENTOS INDUSTRIA E COMERCIO S/A;Recebido: 19/12/2024;Criado: 20/12/2024;Criado: 20/12/2024;SUCESSO;20/12/2024 18:32:24
[DCTF] Original Recepcionada;02.474.948/0015-00;IPE VEICULOS LIMITADA - INDEPENDENCIA;Recebido: 19/12/2024;Criado: 20/12/2024;Criado: 20/12/2024;SUCESSO;20/12/2024 18:32:25
[DCTF] Original Recepcionada;46.244.609/0001-07;ERICK REIS BARROS LTDA;Recebido: 18/12/2024;Criado: 20/12/2024;Criado: 20/12/2024;SUCESSO;20/12/2024 18:32:25
[DCTF] Original Recepcionada;46.244.609/0001-07;ERICK REIS BARROS LTDA;Recebido: 18/12/2024;Criado: 20/12/2024;Criado: 20/12/2024;SUCESSO;20/12/2024 18:32:25
