ASSUNTO;CNPJ_CPF;NOME;RECEBIDO;CRIADO;ATUALIZADO;STATUS;LEITURA
[DCTF] Original Recepcionada;46.244.609/0001-07;ERICK REIS BARROS LTDA;Recebido: 13/02/2025;Criado: 14/02/2025;Criado: 14/02/2025;SUCESSO;14/02/2025 18:31:14
[DCTF] Original Recepcionada;23.612.356/0001-81;DINIZ CORPORACOES LTDA;Recebido: 13/02/2025;Criado: 14/02/2025;Criado: 14/02/2025;SUCESSO;14/02/2025 18:31:14
[DCTF] Original Recepcionada;03.826.417/0007-91;JC DISTRIBUIDORA DE PRODUTOS FARMACEUTICOS LTDA - PA;Recebido: 12/02/2025;Criado: 13/02/2025;Criado: 13/02/2025;SUCESSO;14/02/2025 18:31:14
[DCTF] Original Recepcionada;03.826.417/0006-00;JC DISTRIBUIDORA DE PRODUTOS FARMACEUTICOS LTDA - MT;Recebido: 12/02/2025;Criado: 13/02/2025;Criado: 13/02/2025;SUCESSO;14/02/2025 18:31:14
[DCTF] Original Recepcionada;19.328.421/0001-74;AC PARTICIPACOES LTDA;Recebido: 12/02/2025;Criado: 13/02/2025;Criado: 13/02/2025;SUCESSO;14/02/2025 18:31:14
[DCTF] Original Recepcionada;48.794.729/0001-03;ALTOR EMPREENDIMENTOS LTDA;Recebido: 12/02/2025;Criado: 14/02/2025;Criado: 14/02/2025;SUCESSO;14/02/2025 18:31:14
[DCTF] Original Recepcionada;03.826.417/0005-20;JC DISTRIBUIDORA DE PRODUTOS FARMACEUTICOS LTDA - MA;Recebido: 12/02/2025;Criado: 14/02/2025;Criado: 14/02/2025;SUCESSO;14/02/2025 18:31:14
[DCTF] Original Recepcionada;03.826.417/0001-04;JC DISTRIBUIDORA DE PRODUTOS FARMACEUTICOS LTDA - MTZ;Recebido: 12/02/2025;Criado: 14/02/2025;Criado: 14/02/2025;SUCESSO;14/02/2025 18:31:14
[DCTF] Original Recepcionada;04.688.977/0001-02;IPOG - INSTITUTO DE POS-GRADUACAO & GRADUACAO LTDA;Recebido: 12/02/2025;Criado: 14/02/2025;Criado: 14/02/2025;SUCESSO;14/02/2025 18:31:14
[DCTF] Original Recepcionada;03.826.417/0004-49;JC DISTRIBUIDORA DE PRODUTOS FARMACEUTICOS LTDA - DF;Recebido: 12/02/2025;Criado: 14/02/2025;Criado: 14/02/2025;SUCESSO;14/02/2025 18:31:14
