ASSUNTO;CNPJ_CPF;NOME;RECEBIDO;CRIADO;ATUALIZADO;STATUS;LEITURA
[DCTF] Original Recepcionada;13.495.519/0005-63;PLUVI TECNOLOGIA E IRRIGACAO LTDA - FILIAL ES;Recebido: 22/02/2025;Criado: 22/02/2025;Criado: 22/02/2025;SUCESSO;24/02/2025 11:38:19
[DCTF] Original Recepcionada;13.495.519/0001-30;PLUVI TECNOLOGIA E IRRIGACAO LTDA;Recebido: 22/02/2025;Criado: 22/02/2025;Criado: 22/02/2025;SUCESSO;24/02/2025 11:38:20
[DCTF] Original Recepcionada;13.495.519/0004-82;PLUVI TECNOLOGIA E IRRIGACAO LTDA - FILIAL GO;Recebido: 22/02/2025;Criado: 22/02/2025;Criado: 22/02/2025;SUCESSO;24/02/2025 11:38:20
[DCTF] Original Recepcionada;13.495.519/0002-10;PLUVI TECNOLOGIA E IRRIGACAO LTDA - FILIAL TO;Recebido: 22/02/2025;Criado: 22/02/2025;Criado: 22/02/2025;SUCESSO;24/02/2025 11:38:20
[DCTF] Original Recepcionada;08.597.402/0001-27;J. C. LOCACOES DE IMOVEIS LTDA;Recebido: 20/02/2025;Criado: 21/02/2025;Criado: 21/02/2025;SUCESSO;24/02/2025 11:38:20
[DCTF] Original Recepcionada;28.951.506/0001-03;HIPERPNEUS RENOVADORA DE PNEUS DE XINGUARA LTDA;Recebido: 20/02/2025;Criado: 21/02/2025;Criado: 21/02/2025;SUCESSO;24/02/2025 11:38:20
[DCTF] Retificadora Recepcionada;09.277.089/0005-36;ENERGY SYSTEN SERVICOS ESPECIALIZADOS LTDA;Recebido: 20/02/2025;Criado: 21/02/2025;Criado: 21/02/2025;SUCESSO;24/02/2025 11:38:20
[DCTF] Original Recepcionada;31.418.206/0001-60;EFICIENCIA ENERGETICA LTDA;Recebido: 20/02/2025;Criado: 21/02/2025;Criado: 21/02/2025;SUCESSO;24/02/2025 11:38:20
[DCTF] Retificadora Recepcionada;09.277.089/0001-02;ENERGY SYSTEN SERVICOS ESPECIALIZADOS EIRELI;Recebido: 20/02/2025;Criado: 21/02/2025;Criado: 21/02/2025;SUCESSO;24/02/2025 11:38:20
[DCTF] Retificadora Recepcionada;01.235.845/0001-29;FRIMAR GESTAO DE PATRIMONIO LTDA;Recebido: 20/02/2025;Criado: 22/02/2025;Criado: 22/02/2025;SUCESSO;24/02/2025 11:38:20
