ASSUNTO;CNPJ_CPF;NOME;RECEBIDO;CRIADO;ATUALIZADO;STATUS;LEITURA
[DCTF] Original Recepcionada;42.977.356/0001-20;EDITORA, LIVRARIA E GRAFICA IPOG LTDA - EDITORA 2;Recebido: 03/02/2025;Criado: 04/02/2025;Criado: 04/02/2025;SUCESSO;04/02/2025 18:31:36
[DCTF] Retificadora Recepcionada;33587453000115;FLAVIOS CALCADOS ADMINISTRADORA DE CARTAO LTDA;Recebido: 31/01/2025;Criado: 03/02/2025;Criado: 03/02/2025;SUCESSO;04/02/2025 18:31:36
[DCTF] Retificadora Recepcionada;33587453000115;FLAVIOS CALCADOS ADMINISTRADORA DE CARTAO LTDA;Recebido: 29/01/2025;Criado: 31/01/2025;Criado: 31/01/2025;SUCESSO;04/02/2025 18:31:36
[DCTF] Original Recepcionada;02.474.948/0017-71;IPE VEICULOS LIMITADA;Recebido: 15/01/2025;Criado: 04/02/2025;Criado: 04/02/2025;SUCESSO;04/02/2025 18:31:36
[DCTF] Original Recepcionada;02.474.948/0017-71;IPE VEICULOS LIMITADA;Recebido: 19/12/2024;Criado: 04/02/2025;Criado: 04/02/2025;SUCESSO;04/02/2025 18:31:36
[DCTF] Original Recepcionada;57.809.166/0001-70;RDF EMPRESA MEDICA E GESTAO LTDA;Recebido: 26/11/2024;Criado: 04/02/2025;Criado: 04/02/2025;SUCESSO;04/02/2025 18:31:37
[DCTF] Original Recepcionada;02.474.948/0017-71;IPE VEICULOS LIMITADA;Recebido: 19/11/2024;Criado: 04/02/2025;Criado: 04/02/2025;SUCESSO;04/02/2025 18:31:37
[DCTF] Original Recepcionada;02.474.948/0017-71;IPE VEICULOS LIMITADA;Recebido: 22/10/2024;Criado: 04/02/2025;Criado: 04/02/2025;SUCESSO;04/02/2025 18:31:37
[DCTF] Original Recepcionada;02.474.948/0017-71;IPE VEICULOS LIMITADA;Recebido: 19/09/2024;Criado: 04/02/2025;Criado: 04/02/2025;SUCESSO;04/02/2025 18:31:37
[DCTF] Original Recepcionada;02.474.948/0017-71;IPE VEICULOS LIMITADA;Recebido: 20/08/2024;Criado: 04/02/2025;Criado: 04/02/2025;SUCESSO;04/02/2025 18:31:37
