ASSUNTO;CNPJ_CPF;NOME;RECEBIDO;CRIADO;ATUALIZADO;STATUS;LEITURA
[DCTF] Original Recepcionada;02.474.948/0014-29;IPE VEICULOS LIMITADA - GAMA;Recebido: 15/01/2025;Criado: 16/01/2025;Criado: 16/01/2025;SUCESSO;16/01/2025 18:31:05
[DCTF] Original Recepcionada;44.338.052/0001-48;AMPARO SERVICOS MEDICOS LTDA;Recebido: 14/01/2025;Criado: 15/01/2025;Criado: 15/01/2025;SUCESSO;16/01/2025 18:31:05
[DCTF] Original Recepcionada;33587453000115;FLAVIOS CALCADOS ADMINISTRADORA DE CARTAO LTDA;Recebido: 14/01/2025;Criado: 15/01/2025;Criado: 15/01/2025;SUCESSO;16/01/2025 18:31:05
[DCTF] Original Recepcionada;01.615.319/0001-94;HOSPITAL E MATERNIDADE VILA NOVA LTDA;Recebido: 14/01/2025;Criado: 15/01/2025;Criado: 15/01/2025;SUCESSO;16/01/2025 18:31:05
[DCTF] Original Recepcionada;27.229.900/0001-61;MITTEL SA;Recebido: 14/01/2025;Criado: 15/01/2025;Criado: 15/01/2025;SUCESSO;16/01/2025 18:31:05
[DCTF] Original Recepcionada;36.138.357/0001-88;BE MANAGER SOLUCOES DIGITAIS LTDA;Recebido: 14/01/2025;Criado: 15/01/2025;Criado: 15/01/2025;SUCESSO;16/01/2025 18:31:05
[DCTF] Original Recepcionada;00.418.954/0001-19;HEMOLABOR - HEMATOLOGIA E LABORATORIO DE PESQUISAS CLINICAS LTDA;Recebido: 14/01/2025;Criado: 15/01/2025;Criado: 15/01/2025;SUCESSO;16/01/2025 18:31:05
[DCTF] Original Recepcionada;36.371.414/0001-74;HEMOLABOR PARTICIPACOES E NEGOCIOS LTDA;Recebido: 14/01/2025;Criado: 15/01/2025;Criado: 15/01/2025;SUCESSO;16/01/2025 18:31:05
[DCTF] Original Recepcionada;19.352.206/0001-09;LIFECARE EXCELENCIA S/A;Recebido: 14/01/2025;Criado: 15/01/2025;Criado: 15/01/2025;SUCESSO;16/01/2025 18:31:05
[DCTF] Original Recepcionada;12497360000120;CDM CENTRO DE DIAGNOSTICO MEDICO LTDA;Recebido: 13/01/2025;Criado: 15/01/2025;Criado: 15/01/2025;SUCESSO;16/01/2025 18:31:05
