ASSUNTO;CNPJ_CPF;NOME;RECEBIDO;CRIADO;ATUALIZADO;STATUS;LEITURA
[DCTF] Original Recepcionada;17.134.018/0001-89;CANDAL PARTICIPACOES E EMPREENDIMENTOS LTDA;Recebido: 16/12/2024;Criado: 17/12/2024;Criado: 17/12/2024;SUCESSO;17/12/2024 18:31:16
[DCTF] Original Recepcionada;17.134.018/0001-89;CANDAL PARTICIPACOES E EMPREENDIMENTOS LTDA;Recebido: 16/12/2024;Criado: 17/12/2024;Criado: 17/12/2024;SUCESSO;17/12/2024 18:31:16
[DCTF] Original Recepcionada;02138006000155;FLAVIO S CALCADOS & ESPORTES LTDA;Recebido: 16/12/2024;Criado: 17/12/2024;Criado: 17/12/2024;SUCESSO;17/12/2024 18:31:16
[DCTF] Original Recepcionada;33587453000115;FLAVIOS CALCADOS ADMINISTRADORA DE CARTAO LTDA;Recebido: 16/12/2024;Criado: 17/12/2024;Criado: 17/12/2024;SUCESSO;17/12/2024 18:31:17
[DCTF] Original Recepcionada;07928753000100;GOYAZ SERVICE - MTZ;Recebido: 16/12/2024;Criado: 17/12/2024;Criado: 17/12/2024;SUCESSO;17/12/2024 18:31:17
[DCTF] Original Recepcionada;05146498000119;WAVE PRODUTOS MEDICOS LTDA;Recebido: 16/12/2024;Criado: 17/12/2024;Criado: 17/12/2024;SUCESSO;17/12/2024 18:31:17
[DCTF] Original Recepcionada;23376873000107;FLORENCIO HENRIQUE DE REZENDE EIRELI;Recebido: 16/12/2024;Criado: 17/12/2024;Criado: 17/12/2024;SUCESSO;17/12/2024 18:31:17
[DCTF] Original Recepcionada;38.209.338/0001-20;CM EMPREENDIMENTOS IMOBILIARIOS LTDA;Recebido: 16/12/2024;Criado: 17/12/2024;Criado: 17/12/2024;SUCESSO;17/12/2024 18:31:17
[DCTF] Original Recepcionada;38.209.338/0001-20;CM EMPREENDIMENTOS IMOBILIARIOS LTDA;Recebido: 16/12/2024;Criado: 17/12/2024;Criado: 17/12/2024;SUCESSO;17/12/2024 18:31:17
[DCTF] Original Recepcionada;19.352.206/0001-09;LIFECARE EXCELENCIA S/A;Recebido: 16/12/2024;Criado: 17/12/2024;Criado: 17/12/2024;SUCESSO;17/12/2024 18:31:17
