ASSUNTO;CNPJ_CPF;NOME;RECEBIDO;CRIADO;ATUALIZADO;STATUS;LEITURA
[DCTF] Original Recepcionada;37.345.147/0001-23;DIAGNOSE CENTRO DE DIAGNOSTICO EM MEDICINA LTDA;Recebido: 10/01/2025;Criado: 13/01/2025;Criado: 13/01/2025;SUCESSO;14/01/2025 11:56:47
[DCTF] Original Recepcionada;07976161000164;VITALABOR CLINICA DE SEGURANCA E MEDICINA DO TRABALHO LTDA;Recebido: 10/01/2025;Criado: 13/01/2025;Criado: 13/01/2025;SUCESSO;14/01/2025 11:56:47
[DCTF] Original Recepcionada;07.515.384/0004-77;JEONCEL TRANSPORTES LTDA - ES;Recebido: 10/01/2025;Criado: 13/01/2025;Criado: 13/01/2025;SUCESSO;14/01/2025 11:56:47
[DCTF] Original Recepcionada;07.515.384/0007-10;JEONCEL TRANSPORTES LTDA - CE;Recebido: 10/01/2025;Criado: 13/01/2025;Criado: 13/01/2025;SUCESSO;14/01/2025 11:56:47
[DCTF] Original Recepcionada;07.515.384/0011-04;JEONCEL TRANSPORTES LTDA - MA SAO LUIZ;Recebido: 10/01/2025;Criado: 13/01/2025;Criado: 13/01/2025;SUCESSO;14/01/2025 11:56:47
[DCTF] Original Recepcionada;07.515.384/0003-96;JEONCEL TRANSPORTES LTDA - DF;Recebido: 10/01/2025;Criado: 13/01/2025;Criado: 13/01/2025;SUCESSO;14/01/2025 11:56:47
[DCTF] Original Recepcionada;33.300.523/0001-02;VACINA FACIL LTDA;Recebido: 10/01/2025;Criado: 13/01/2025;Criado: 13/01/2025;SUCESSO;14/01/2025 11:56:47
[DCTF] Original Recepcionada;07.515.384/0015-20;JEONCEL TRANSPORTES LTDA - GO;Recebido: 10/01/2025;Criado: 13/01/2025;Criado: 13/01/2025;SUCESSO;14/01/2025 11:56:48
[DCTF] Original Recepcionada;07.515.384/0006-39;JEONCEL TRANSPORTES LTDA - PE;Recebido: 10/01/2025;Criado: 14/01/2025;Criado: 14/01/2025;SUCESSO;14/01/2025 11:56:48
[DCTF] Original Recepcionada;15.341.626/0001-39;TD PARTICIPACOES LTDA;Recebido: 10/01/2025;Criado: 14/01/2025;Criado: 14/01/2025;SUCESSO;14/01/2025 11:56:48
[DCTF] Original Recepcionada;01586380000150;CRD - CENTRO DE RECURSOS DIAGNOSTICOS LTDA - MTZ;Recebido: 13/01/2025;Criado: 14/01/2025;Criado: 14/01/2025;SUCESSO;14/01/2025 18:34:07
[DCTF] Original Recepcionada;10406295000154;VIARURAL COMERCIO DE PRODUTOS AGROPECUARIOS LTDA;Recebido: 16/12/2024;Criado: 14/01/2025;Criado: 14/01/2025;SUCESSO;14/01/2025 18:34:07
[DCTF] Original Recepcionada;10406295000154;VIARURAL COMERCIO DE PRODUTOS AGROPECUARIOS LTDA;Recebido: 18/11/2024;Criado: 14/01/2025;Criado: 14/01/2025;SUCESSO;14/01/2025 18:34:08
