ASSUNTO;CNPJ_CPF;NOME;RECEBIDO;CRIADO;ATUALIZADO;STATUS;LEITURA
[DCTF] Original Recepcionada;23.129.279/0001-03;ORBIS GESTAO DE TECNOLOGIA EM SAUDE LTDA - MTZ;Recebido: 17/01/2025;Criado: 07/02/2025;Criado: 07/02/2025;SUCESSO;11/02/2025 18:31:48
[DCTF] Original Recepcionada;03.826.417/0001-04;JC DISTRIBUIDORA DE PRODUTOS FARMACEUTICOS LTDA - MTZ;Recebido: 15/01/2025;Criado: 09/02/2025;Criado: 09/02/2025;SUCESSO;11/02/2025 18:31:49
[DCTF] Original Recepcionada;23.129.279/0001-03;ORBIS GESTAO DE TECNOLOGIA EM SAUDE LTDA - MTZ;Recebido: 20/12/2024;Criado: 07/02/2025;Criado: 07/02/2025;SUCESSO;11/02/2025 18:31:49
[DCTF] Original Recepcionada;33.763.031/0001-53;ORBIS GESTAO HOSPITALAR LTDA;Recebido: 20/12/2024;Criado: 07/02/2025;Criado: 07/02/2025;SUCESSO;11/02/2025 18:31:49
[DCTF] Original Recepcionada;33.763.031/0001-53;ORBIS GESTAO HOSPITALAR LTDA;Recebido: 20/12/2024;Criado: 07/02/2025;Criado: 07/02/2025;SUCESSO;11/02/2025 18:31:49
[DCTF] Original Recepcionada;33.763.031/0001-53;ORBIS GESTAO HOSPITALAR LTDA;Recebido: 20/12/2024;Criado: 07/02/2025;Criado: 07/02/2025;SUCESSO;11/02/2025 18:31:49
[DCTF] Original Recepcionada;23.129.279/0001-03;ORBIS GESTAO DE TECNOLOGIA EM SAUDE LTDA - MTZ;Recebido: 22/11/2024;Criado: 07/02/2025;Criado: 07/02/2025;SUCESSO;11/02/2025 18:31:49
[DCTF] Retificadora Recepcionada;23.129.279/0001-03;ORBIS GESTAO DE TECNOLOGIA EM SAUDE LTDA - MTZ;Recebido: 14/10/2024;Criado: 07/02/2025;Criado: 07/02/2025;SUCESSO;11/02/2025 18:31:49
[DCTF] Original Recepcionada;23.129.279/0001-03;ORBIS GESTAO DE TECNOLOGIA EM SAUDE LTDA - MTZ;Recebido: 11/10/2024;Criado: 07/02/2025;Criado: 07/02/2025;SUCESSO;11/02/2025 18:31:49
[DCTF] Original Recepcionada;23.129.279/0001-03;ORBIS GESTAO DE TECNOLOGIA EM SAUDE LTDA - MTZ;Recebido: 19/09/2024;Criado: 07/02/2025;Criado: 07/02/2025;SUCESSO;11/02/2025 18:31:49
