ASSUNTO;CNPJ_CPF;NOME;RECEBIDO;CRIADO;ATUALIZADO;STATUS;LEITURA
[DCTF] Original Recepcionada;17.047.367/0001-63;4C DIGITAL - SERVICOS DE COBRANCA E INFORMACOES CADASTRAIS LTDA;Recebido: 12/02/2025;Criado: 13/02/2025;Criado: 13/02/2025;SUCESSO;13/02/2025 18:31:12
[DCTF] Original Recepcionada;03.826.417/0007-91;JC DISTRIBUIDORA DE PRODUTOS FARMACEUTICOS LTDA - PA;Recebido: 12/02/2025;Criado: 13/02/2025;Criado: 13/02/2025;SUCESSO;13/02/2025 18:31:13
[DCTF] Original Recepcionada;04.857.555/0001-05;GEON INDUSTRIA E COMERCIO LTDA;Recebido: 11/02/2025;Criado: 13/02/2025;Criado: 13/02/2025;SUCESSO;13/02/2025 18:31:13
[DCTF] Original Recepcionada;00.888.057/0004-11;LABORATORIO CITOMED LTDA;Recebido: 11/02/2025;Criado: 13/02/2025;Criado: 13/02/2025;SUCESSO;13/02/2025 18:31:13
[DCTF] Original Recepcionada;07976161000164;VITALABOR CLINICA DE SEGURANCA E MEDICINA DO TRABALHO LTDA;Recebido: 11/02/2025;Criado: 13/02/2025;Criado: 13/02/2025;SUCESSO;13/02/2025 18:31:13
[DCTF] Original Recepcionada;05.207.076/0002-97;LINEA ALIMENTOS INDUSTRIA E COMERCIO S/A;Recebido: 11/02/2025;Criado: 13/02/2025;Criado: 13/02/2025;SUCESSO;13/02/2025 18:31:13
[DCTF] Original Recepcionada;00.888.057/0003-30;LABORATORIO CITOMED LTDA;Recebido: 11/02/2025;Criado: 13/02/2025;Criado: 13/02/2025;SUCESSO;13/02/2025 18:31:13
[DCTF] Original Recepcionada;45.342.127/0001-27;MSS SERVICOS MEDICOS LTDA;Recebido: 11/02/2025;Criado: 13/02/2025;Criado: 13/02/2025;SUCESSO;13/02/2025 18:31:13
[DCTF] Original Recepcionada;07.570.962/0001-25;EMBALAGENS ALLBOX LTDA;Recebido: 10/02/2025;Criado: 11/02/2025;Criado: 11/02/2025;SUCESSO;13/02/2025 18:31:13
[DCTF] Original Recepcionada;37.345.147/0001-23;DIAGNOSE CENTRO DE DIAGNOSTICO EM MEDICINA LTDA;Recebido: 10/02/2025;Criado: 11/02/2025;Criado: 11/02/2025;SUCESSO;13/02/2025 18:31:13
