ASSUNTO;CNPJ_CPF;NOME;RECEBIDO;CRIADO;ATUALIZADO;STATUS;LEITURA
[DCTF] Original Recepcionada;02.474.948/0009-61;IPE VEICULOS LIMITADA - GARAVELO;Recebido: 19/02/2025;Criado: 21/02/2025;Criado: 21/02/2025;SUCESSO;21/02/2025 18:32:31
[DCTF] Original Recepcionada;02.474.948/0017-71;IPE VEICULOS LIMITADA;Recebido: 19/02/2025;Criado: 21/02/2025;Criado: 21/02/2025;SUCESSO;21/02/2025 18:32:32
[DCTF] Original Recepcionada;02.474.948/0014-29;IPE VEICULOS LIMITADA - GAMA;Recebido: 19/02/2025;Criado: 21/02/2025;Criado: 21/02/2025;SUCESSO;21/02/2025 18:32:32
[DCTF] Original Recepcionada;02.138.006/0026-03;FLAVIOS CALCADOS E ESPORTES LTDA;Recebido: 17/02/2025;Criado: 21/02/2025;Criado: 21/02/2025;SUCESSO;21/02/2025 18:32:32
[DCTF] Original Recepcionada;02138006000155;FLAVIO S CALCADOS & ESPORTES LTDA;Recebido: 17/02/2025;Criado: 21/02/2025;Criado: 21/02/2025;SUCESSO;21/02/2025 18:32:32
[DCTF] Original Recepcionada;02.138.006/0030-90;FLAVIOS CALCADOS E ESPORTES LTDA;Recebido: 17/02/2025;Criado: 21/02/2025;Criado: 21/02/2025;SUCESSO;21/02/2025 18:32:32
[DCTF] Original Recepcionada;02.138.006/0039-28;FLAVIO S CALCADOS & ESPORTES LTDA;Recebido: 17/02/2025;Criado: 21/02/2025;Criado: 21/02/2025;SUCESSO;21/02/2025 18:32:32
[DCTF] Original Recepcionada;05.888.682/0001-34;A M CONSULTORIA E REPRESENTACOES LTDA;Recebido: 18/12/2024;Criado: 21/12/2024;Criado: 21/12/2024;SUCESSO;21/02/2025 18:32:32
[DCTF] Original Recepcionada;10406295000154;VIARURAL COMERCIO DE PRODUTOS AGROPECUARIOS LTDA;Recebido: 16/12/2024;Criado: 14/01/2025;Criado: 14/01/2025;SUCESSO;21/02/2025 18:32:32
[DCTF] Original Recepcionada;10.406.295/0003-16;VIARURAL COMERCIO DE PRODUTOS AGROPECUARIOS LTDA - BA;Recebido: 16/12/2024;Criado: 14/01/2025;Criado: 14/01/2025;SUCESSO;21/02/2025 18:32:32
